{
  "products": [
    {
      "id": "1",
      "name": "Gấu bông trăng",
      "avatar": "/Image/images/ThuBong1.jpg",
      "price": "186.000",
      "quantity": 8,
      "material": "Chỉ, bông gòn siêu mềm, vải ",
      "origin": "Đống Đa, TP.Ho Chi Minh"
    },
    {
      "id": "2",
      "name": "Chú gấu nâu",
      "avatar": "/Image/images/ThuBong2.jpg",
      "price": "252.000",
      "quantity": 46,
      "material": "Chỉ, bông gòn siêu mềm, vải",
      "origin": "101B Lê Hữu Trác , Sơn Trà Đà Nẵng"
    },
    {
      "id": "3",
      "name": "Gấu bông cute",
      "avatar": "/Image/images/ThuBong3.jpg",
      "price": "261.000",
      "quantity": 99,
      "material": "Chỉ, bông gòn siêu mềm, vải..",
      "origin": "Quảng Châu, Trung Quốc"
    },
    {
      "id": "4",
      "name": "Gấu  micky",
      "avatar": "/Image/images/ThuBong4.jpg",
      "price": "297.000",
      "quantity": 16,
      "material": "Chỉ, bông gòn siêu mềm, vải..",
      "origin": "Beier, Cummings and Schulist"
    },
    {
      "id": "5",
      "name": "Dau bong mem",
      "avatar": "/Image/images/ThuBong5.jpg",
      "price": "315.000",
      "quantity": 21,
      "material": "Chỉ, bông gòn siêu mềm, vải..",
      "origin": "Marquardt - Reichert"
    },
    {
      "id": "6",
      "name": "Chú Chó Sony",
      "avatar": "/Image/images/ThuBong6.jpg",
      "price": "748.000",
      "quantity": 92,
      "material": "Chỉ, bông gòn siêu mềm, vải",
      "origin": "Kuhn LLC"
    },
    {
      "name": "Chó trắng map",
      "price": "387.000",
      "avatar": "/Image/images/ThuBong15.jpg",
      "quantity": 22,
      "material": "Chỉ, bông gòn siêu mềm, vải tot",
      "origin": "Purdy, Heathcote and Schimmel",
      "id": "7"
    },
    {
      "name": "huong",
      "price": "5000",
      "avatar": "/Image/images/ThuBong18.jpg",
      "quantity": "10",
      "material": "Chỉ, bông gòn siêu mềm, vải tot",
      "origin": "Viet Nam",
      "id": "48ez0cO"
    }
  ]
}